Month,company,price_m001,price_m002,price_m003,price_m004,price_m005,price_m006,price_m007,price_m008,price_m009,price_m010,price_m011,price_m012,price_m013,price_m014,price_m015,price_m016,price_m017,price_m018,price_m019,price_m020,price_m021,price_m022,price_m023,price_m024,price_m025,price_m026,price_m027,price_m028,price_m029,price_m030,price_m031,price_m032,price_m033,price_m034,price_m035,price_m036,price_m037,price_m038,price_m039,price_m040,price_m041,price_m042,price_m043,price_m044,price_m045,price_m046,price_m047,price_m048,price_m049,price_m050,price_m051,price_m052,price_m053,price_m054,price_m055,price_m056,price_m057,price_m058,price_m059,price_m060,price_m061,price_m062,price_m063,price_m064,price_m065,price_m066,price_m067,price_m068,price_m069,price_m070,price_m071,price_m072,price_m073,price_m074,price_m075,price_m076,price_m077,price_m078,price_m079,price_m080,price_m081,price_m082,price_m083,price_m084,price_m085,price_m086,price_m087,price_m088,price_m089,price_m090,price_m091,price_m092,price_m093,price_m094,price_m095,price_m096,price_m097,price_m098,price_m099,price_m100,price_m101,price_m102,price_m103,price_m104,price_m105,price_m106,price_m107,price_m108,price_m109,price_m110,price_m111,price_m112,price_m113,price_m114,price_m115,price_m116,price_m117,price_m118,price_m119,price_m120
200804,3M Company,76.9,79.15,78.4,79.65,84.32,83.26,86.36,93.58,90.99,88.92,86.79,87.96,82.77,76.43,74.08,74.3,77.93,81.46,78.84,74.42,71.7,70.4,80.77,83.66,85.43,75.69,73.59,72.75,77.5,78.48,75.98,73.36,71.15,75,72.3,76.65,76.47,85.69,83.94,84.36,82.07,79.59,77.57,79.97,82.36,82.36,90.01,84.56,86.48,81.87,78.02,79.09,85.03,79.04,78.87,69.07,71.24,70.1,64.49,63.24,63.02,65.02,62.69,62.28,61.65,64.93,63.47,54.99,62.48,62.92,61.5,62.72,62.9,57.51,58.97,55.5,59.11,57.29,52.19,49.2,52.05,55.94,57.05,59.29,59.51,51.95,56.38,55.33,60.25,49.94,48.31,45.56,46.51,45.03,41.5,42.88,43.31,44.28,44.09,46.81,48.94,47.78,47.53,48.03,47.25,43.97,43.47,42.88,44.5,35.38,37.03,38.81,35.56,40.25,39.81,36.84,34.25,37.56,41.09,46.31
200803,AB Volvo  (ADR),15.35,15.1,14.9,13.55,16.5,17.04,19.65,17.35,17.3,18.43,19.89,21.03,19.45,16.81,15.39,14.71,13.75,12.99,12.47,11.94,11.4,10.61,9.8,9.84,10.08,9.32,8.73,9.75,9.42,8.51,8.21,8.74,8.62,8.34,8.1,8.16,8.09,8.88,9.18,8.08,7.92,8.13,7.58,7.05,6.86,7.2,7,6.57,6.87,6.61,6.34,6.55,6.12,5.8,5.56,4.66,4.87,4.9,4.42,4.2,4.06,3.53,3.54,3.38,3.31,3.72,3.03,2.87,3.29,3.71,4.07,3.74,3.89,3.94,3.46,3.11,3.28,3.2,2.78,2.56,3.13,3.15,3.04,3.19,3.35,3.14,3.74,3.7,3.3,2.96,3.13,3.23,3.3,3.68,4.38,4.68,4.79,5.46,4.68,4.85,5.05,4.8,5.18,5.74,5.56,6.18,5.88,5.1,5.3,5.16,5.1,5.4,4.66,4.63,4.38,4.83,5.38,6.14,5.91,6.4
200802,Alcoa Inc.,34.78,36.06,37.14,33.09,36.55,36.37,39.59,39.12,36.53,38.2,40.53,41.28,35.49,33.9,33.41,32.3,30.01,31.17,28.91,28.04,28.59,29.95,32.36,31.72,33.78,30.56,29.32,31.5,29.57,27.41,24.29,24.42,26.79,28.05,26.13,27.1,29.02,30.39,32.12,29.51,31.42,33.98,32.5,33.59,32.38,32.03,33.03,31.3,30.75,34.69,37.47,34.18,38,32.81,31.57,26.16,28.56,27.77,25.5,24.61,22.93,19.38,20.5,19.77,22.78,25.55,22.06,19.3,25.09,27.05,33.15,34.98,34.03,37.74,37.57,35.85,35.55,38.6,32.27,31.01,38.12,39.23,39.4,43.15,41.4,35.95,35.76,36.74,33.5,28.19,28.69,25.31,33.27,30.25,29,29.22,32.44,35.13,34.25,34.84,41.5,32.75,30.38,31.03,32.28,29.94,30.94,27.5,31.13,20.59,20.25,20.89,18.64,18.56,19.81,17.75,14.97,17.33,16.48,17.34
200801,General Motors Corporation,23.2,19.05,23.28,28.21,24.89,29.83,39.19,36.7,30.74,32.4,37.8,29.99,31.23,30.64,31.9,32.84,30.72,29.23,34.92,33.26,29.18,32.23,29.79,26.93,22.88,21.27,20.31,24.06,19.42,21.9,27.4,30.61,34.19,36.82,34,31.53,26.68,29.39,35.65,36.81,40.06,38.59,38.55,42.48,41.31,43.14,46.59,45.39,47.42,47.1,48.12,49.68,53.4,42.78,42.67,40.93,41.1,37.43,36,35.33,36.05,33.62,33.77,36.33,36.86,39.7,33.25,38.9,47.86,46.55,53.45,62.15,64.15,60.45,52.98,51.14,48.6,49.7,41.32,42.9,54.75,63.6,64.35,56.9,54.81,51.85,53.32,53.7,50.94,49.5,62.13,65,70,56.94,58.06,70.63,93.63,82.81,76.06,80.56,72.69,73.79,70.44,62.94,66.25,61.13,66,69,89.06,87,82.56,89.75,71.56,69.88,63.19,54.88,58.13,72.31,66.81,71.88
200712,Infosys Technologies Limited (,43.69,35.77,38.92,41.4,45.36,42.15,50.94,48.39,47.71,49.6,50.38,49.25,52.35,50.25,54.26,58,54.56,53.53,52.1,47.73,44.85,41.09,38.21,35.3,39.33,38.93,35.4,38.11,40.43,36.03,34,37.14,35.4,35.59,38.8,36.17,29.6,36.87,38.13,33.02,34.66,36,33.22,28.3,26.07,25.08,23.3,20.69,20.19,20.43,21.01,22.09,23.85,20.76,21.13,17.02,14.2,13.31,13.41,11.05,10.28,15.34,15.45,16.24,17.39,20.81,17.89,13.55,14.15,12.88,12.8,14.14,15.51,16.38,13.75,15.71,15.5,14.28,11.8,8.45,13.13,16.51,16.25,17,18.38,16.38,23,30.22,23.06,29.97,34.38,33,39,33.23,44.31,38.38,50.75,48.25,67.56,40.61,41.25,25.75,18.88,17.88,12.4,10.22,7.25,6.22,5.16,5.39,,,,,,,,,,
200711,Intel Corporation,22.26,21.18,19.97,21.1,26.66,26.08,26.9,25.86,25.75,23.62,23.74,22.18,21.5,19.13,19.86,20.96,20.25,21.4,21.34,20.57,19.57,18,19,18.02,19.98,19.46,20.6,21.26,24.96,26.68,23.5,24.65,25.72,27.14,26.02,26.96,23.52,23.23,23.99,22.45,23.39,22.38,22.26,20.06,21.29,24.38,27.6,28.55,25.73,27.2,29.2,30.52,32.05,33.54,32.95,27.52,28.59,24.89,20.81,20.82,18.37,16.28,17.26,15.7,15.57,20.88,17.3,13.89,16.67,18.79,18.27,27.62,28.61,30.41,28.55,35.04,31.45,32.66,24.42,20.44,27.96,29.81,29.25,27.01,30.91,26.31,28.56,37,30.06,38.06,45,41.56,74.88,66.75,66.84,62.34,63.41,65.97,56.5,49.47,41.16,38.34,38.72,37.16,41.09,34.5,29.75,27.03,30.59,29.72,29.98,35.23,29.64,26.91,22.3,21.44,17.8,21.11,18.53,17.86
200710,International Business Machine,120.7,115.14,113.86,107.11,108.1,105.18,116.12,117.8,116.69,110.65,105.25,106.6,102.21,94.26,92.94,99.15,97.15,91.92,92.33,81.94,80.97,77.41,76.82,79.9,82.34,82.47,80.24,81.3,82.2,88.9,81.88,80.22,80.62,83.46,74.2,75.55,76.38,91.38,92.58,93.42,98.58,94.24,89.75,85.74,84.69,87.07,88.15,88.59,88.17,91.84,96.5,99.23,92.68,90.54,89.48,88.33,82.01,81.25,82.5,88.04,84.9,78.43,77.95,78.2,77.5,86.92,78.94,58.31,75.38,70.4,72,80.45,83.76,104,98.12,107.89,120.96,115.59,108.07,91.72,99.95,105.21,113,111.8,115.14,96.18,99.9,112,85,93.5,98.5,112.63,132.02,112.25,109.56,107.31,111.5,118.38,102.75,112.25,107.88,103.06,98.25,121,124.56,125.69,129.25,116,104.59,88.63,84.88,91.63,92.19,82.56,74.25,64.25,56.31,66.25,57.41,58.75
200709,Microsoft Corporation,28.52,28.38,27.2,32.6,35.6,33.6,36.81,29.46,28.73,28.99,29.47,30.69,29.94,27.87,28.17,30.86,29.86,29.36,28.71,27.35,25.7,24.06,23.3,22.65,24.15,27.21,26.87,28.15,26.15,27.68,25.7,25.73,27.38,25.61,24.84,25.8,25.3,24.17,25.16,26.28,26.72,26.81,27.97,27.65,27.3,28.49,28.56,26.23,26.13,24.93,26.53,27.65,27.37,25.71,26.14,27.8,26.52,26.41,25.64,24.61,25.56,24.21,23.7,23.73,25.85,28.84,26.74,21.87,24.54,23.99,27.35,25.46,26.13,30.16,29.17,31.86,33.13,32.11,29.08,25.59,28.53,33.1,36.5,34.59,33.88,27.34,29.5,30.53,21.69,28.69,34.44,30.16,34.91,34.91,40,31.28,34.88,53.13,44.69,48.94,58.38,45.52,46.28,45.28,46.28,42.91,45.09,40.34,40.66,44.81,37.53,43.75,34.67,30.5,26.47,27.52,23.98,27.48,27.09,21.2
200708,"Nissan Motor Co., Ltd. (ADR)",17.73,16.68,18,19.16,21.72,22.9,23.03,20.01,19.1,21.31,21.44,22.32,20.16,21.4,22.99,24.99,24.27,24.29,23.94,22.46,22.77,21.55,21.98,24.25,26.33,23.78,23.01,22.35,20.44,20.51,20.95,22.98,21.09,20.81,19.88,19.66,19.65,20.47,21.43,21.18,21.92,21,22.51,21.66,21.8,21.44,22.36,20.32,21.91,22.01,22.09,21.31,22.46,22.78,22.61,21.73,21.76,19.84,18.91,15.85,15.33,13.31,15.13,15.3,15.38,16.05,15.3,14.68,14.76,14.12,14.01,14.5,15.58,14.36,12.83,10.89,10.86,10,9.05,8.58,11.6,13.8,13.85,13.5,13.95,12.69,12.75,12.19,11,11.75,14,11.19,9.88,10.03,11.5,10.69,9,8.13,7.81,9.38,8.06,9.44,11.94,11.81,11.44,11.63,9.63,8.59,7.5,7.5,7.66,7.31,5.94,5.88,5.44,5.38,4.94,6.44,6.38,6.25
200707,Pearson PLC (ADR),13.17,13.58,13.24,13.85,14.49,15.4,16.83,15.46,14.93,15.99,16.84,17.78,17.06,17.12,15.52,15.77,15.1,14.78,14.75,14.24,14.23,13.6,13.65,13.6,13.85,13.85,12.45,13.02,11.87,11.64,11.24,11.73,12.22,12.06,11.88,12.1,12.25,12.26,12.37,11.74,12.16,11.81,11.04,10.83,11.27,11.4,12.48,12.34,11.89,11.5,11.83,11.38,11.21,11.33,10.5,9.57,9.95,9.64,9.6,9.36,8.49,7.8,7.72,9.02,9.35,11.58,10.7,8.26,10.25,9.85,10.39,12.58,12.43,13.33,11.34,11.65,12.28,12.07,12.1,11.12,14.7,15.4,17.03,18.8,21.25,17.55,22.3,24.45,23.56,22.69,27.25,28.19,,,,,,,,,,,,,,,,,,,,,,,,,,,,
200706,"Pentair, Inc.",36.83,31.9,32.62,31.76,34.81,33.92,35.39,33.18,37.13,36.2,38.57,36.99,32.14,31.16,31.21,31.16,31.4,31.86,32.94,26.19,29.9,28.72,34.19,34.16,38.28,40.75,40.15,38.4,34.52,38.2,32.49,36.5,39.48,40.17,42.81,44.51,39.78,39,41.44,44.32,43.56,40.02,37.38,34.91,33.24,31.32,33.64,30.64,29.8,29.5,27.01,22.84,22.85,21.8,20.5,19.94,21.4,20.18,19.53,19.43,19.27,17.68,18.18,18.37,17.28,17.88,16.52,18.59,21.72,20.34,24.04,23.5,24.28,22.49,19.5,17.65,18.26,17.71,15.88,15.39,18.75,17.87,16.9,17.95,15.39,12.74,13.85,13.87,12.09,14.09,14.91,13.38,16.25,15.31,17.76,19.63,19.13,18.53,17.19,16.75,19.25,18.56,18.81,20.06,22.75,21.72,22.88,22.06,23.5,16.88,18.94,19.13,19.91,18.84,18.81,16.13,13.94,19.88,21.25,21.94
200705,Piper Jaffray Companies,37.26,33.96,38.73,47.4,46.32,46.32,51.4,53.6,51.36,47.92,55.73,66.9,63.81,61.94,65.23,68.94,65.15,65.07,69.15,60.62,58.58,51.19,61.21,63.29,69.9,55,49.68,44.83,40.4,39.74,34.35,29.86,30.49,34.41,30.43,28.27,27.65,36.59,39.55,39.58,47.95,46.01,43.73,39.59,43.1,40.75,45.23,48.4,48.42,54.15,51.52,46.95,,,,,,,,,,,,,,,,,,,,,,,,,,,,,,,,,,,,,,,,,,,,,,,,,,,,,,,,,,,,,,,,,,,,
200704,Potlatch Corporation,44.81,41.27,41.27,42.93,44.44,45.91,47.66,45.03,45.04,43.69,43.05,43.78,43.39,45.78,45.2,47.21,43.82,41.69,40.6,37.1,38.31,34.61,37.75,37.67,38.94,42.84,36.44,51.23,50.98,48.34,44.73,52.12,54,57.8,52.33,51.69,47.23,47.07,46.15,46.02,50.58,50.72,47.09,46.81,42.9,40.09,41.64,37.75,37.88,40.75,42.4,37.3,34.77,32.25,31.26,29.72,29.49,26.75,25.75,24.87,23.85,19.43,20.64,20.47,23.88,26.95,26.14,28.68,31.02,31.87,34.02,34.25,34.52,33.69,29.61,29.03,29.32,27.86,25.05,26.99,33,33.92,34.41,34.38,35.05,31.95,32.1,32.65,33.56,31.31,33.5,31.63,33.63,34.38,33.14,37.88,39.44,43,38,40.25,44.63,40.44,42.19,41.19,38.63,40.56,43.94,39.38,41.44,33.94,34.69,34.56,36.88,37.81,36.5,34.06,32.88,38.19,42,43.81
200703,"Reliant Energy, Inc.",25.74,23.65,22.8,21.21,26.24,26.04,27.52,25.6,25.51,25.68,26.95,25.62,22.27,20.32,16.94,14.88,14.21,13.42,12.68,12.31,13.46,12.58,11.98,11.65,11.35,10.58,10.16,10.12,10.32,9.16,12.7,15.44,12.5,13.26,12.38,12.3,10.17,11.38,11.99,12.45,13.65,11.88,10.28,9.33,9.96,9.88,10.83,9.91,8.31,8.21,7.6,7.76,7.36,6.56,4.95,5.12,4.62,4.96,6.13,6.7,5.62,3.56,4.05,4.08,3.2,2.35,1.88,1.75,5,4.62,8.75,9.45,15.43,16.91,10.56,14.05,16.51,16.27,15.65,16.2,19.68,23.03,24.7,34.4,,,,,,,,,,,,,,,,,,,,,,,,,,,,,,,,,,,,
200702,"Restoration Hardware, Inc.",4.35,4.35,4.33,4.24,6.57,7.06,2.96,3.29,3.52,4.31,5.58,6.3,6.28,6.56,6.68,7.01,8.51,8.51,9.53,8.67,7.03,6.8,7.18,6.48,6.85,5.69,5.38,5.23,6.02,5.85,5.93,6.32,7.14,8.12,8.16,7.08,6.21,5.7,5.31,5.75,5.74,5.09,5.15,5.18,6.19,6.54,7.31,6.71,5.82,4.99,4.63,3.9,4.71,6.13,7.96,5.84,6.14,5.57,4.4,5,4,2.51,2.51,2.3,5.01,8,5.3,4.5,4.98,4.74,8.85,8.05,11.9,12.5,12.03,10.17,8.94,6.55,3.65,2.86,3.58,4.77,5.43,5.78,5.3,4.5,1.56,1.94,0.94,1.81,2.88,3.5,5.75,4.39,5.5,6.31,3.88,5.25,5.75,5.06,6.81,8.19,9.81,7.5,7.88,10.81,13.38,11.94,15.63,22,20.63,20.56,26.88,27.94,20.13,20.63,25.75,31.63,25.13,
200701,SAFECO Corporation,66.74,43.88,46.26,53.37,55.68,57.71,57.9,61.22,58.02,58.47,62.26,62.75,66.74,66.43,66.72,64.01,62.55,60.57,58.19,58.93,57.71,53.72,56.35,55.37,51.9,50.21,51.51,52.25,56.5,56.25,55.7,53.37,52.14,54.94,54.34,53.82,52.67,48.71,47.69,46.3,52.24,48.47,46.24,45.65,48.17,47.06,44,41.95,43.79,43.12,45,43.49,38.93,37.43,36.72,35.35,36.06,37.23,35.29,36.06,38.47,34.97,32.88,35.85,34.67,36.19,35.56,31.78,33.11,31.74,30.89,31.99,33.4,32.04,33.95,30.59,31.15,32.16,30.84,30.33,30.08,31.72,29.5,28.09,26.7,28.19,21.75,25,32.88,26.81,24.19,27.25,26.31,23.06,19.88,24.56,22.13,26.56,21,24.5,24.88,23.69,27.5,28,35.63,38.06,44.13,43.94,39.75,40.44,40.19,38.88,42.94,42.94,43.31,41.69,40.63,45.06,45.38,46.5
200612,Safeway Inc.,31.6,29.35,28.74,30.99,34.21,34.8,34,33.11,31.73,31.87,34.03,34.48,36.3,36.64,34.53,36.03,34.56,30.81,29.36,30.35,30.93,28.08,26,23.58,25.13,25.12,24.31,23.44,23.66,23.25,23.26,25.6,23.73,24.3,22.59,22.01,21.29,18.53,18.4,18.85,19.74,19.28,18.24,19.31,20.2,21.13,25.34,22.56,22.95,20.58,22.87,22.59,21.91,20.75,21.1,22.94,24.41,21.35,20.46,18.84,16.62,18.93,19.89,23.7,23.36,23.78,23.1,22.3,25.82,27.82,29.19,40.65,41.95,45.02,42.98,40.45,41.75,44.56,41.65,39.72,45.11,44.16,48,50.65,54.3,55.15,54.31,50.67,62.5,58.94,54.69,46.69,49.33,45.06,45.13,46.13,44.13,45.25,38.56,38.25,35.75,36.88,35.31,38.06,46.69,53.88,49.5,46.5,53.94,51.31,57.75,56.13,60.94,52.81,47.94,46.13,39,44.75,40.69,36.44
200611,Sea Containers Ltd.,0.06,0.07,0.08,0.09,0.08,0.05,0.15,0.25,0.3,0.67,1.16,1.35,1.43,0.67,1.15,1.06,0.7,0.54,0.74,1.17,2.28,4.4,4.75,8.06,7.02,7.21,13.15,13.72,12.54,12.7,11.21,11.72,10.8,15.45,15.97,14,16.71,18.26,20.85,17.14,19.69,17.61,15.35,15.23,15.8,16.85,17.53,15.89,16.5,20.6,19.5,19.17,18.25,17.15,15.35,14.61,14.35,12.89,11.39,10.57,9.45,6.9,6.11,7.16,8.93,9.7,9.1,10.7,11,13.3,14.4,16.15,16.8,17.71,13.8,13,13.68,10.6,8.75,9.05,16.1,18.42,18.72,18,15.2,18.27,20.7,22.45,21.75,21.44,21.5,23.31,28.5,26.25,21.13,21.94,22.75,22.13,24.5,28.81,26.63,31.06,29.25,28,30.38,31.94,33.56,33.75,31.94,28.88,21.88,26.38,29.94,32.5,28.38,24.06,30.06,37.25,38.25,40.44
200610,Seagate Technology,18.87,20.94,21.57,20.27,25.5,25.79,27.84,25.58,25.82,23.51,21.77,20.59,22.15,23.3,26.9,27.09,26.5,25.76,22.58,23.09,22.25,23.2,22.64,23.35,26.56,26.33,26.57,26.08,19.99,18.92,14.49,15.85,16.59,19.37,17.55,21.22,17.58,19.55,17.97,16.92,17.27,14.98,12.64,13.52,10.93,11.47,14.43,12.3,12.51,16.13,17.3,16.3,18.9,19.75,22.98,27.2,23.01,21.8,17.65,15.15,12.09,10.32,9.27,9.18,10.73,,,,,,,,,,,,,,,,,,,,,,,,,,,,,,,,,,,,,,,,,,,,,,,,,,,,,,,
200609,Seneca Foods Corporation,20.36,21.2,21.3,23.45,25.99,25.8,26.96,27.75,27.52,28,27.39,29.53,28.59,28.17,29.01,24.9,24.7,27.39,27,27.69,23.96,24.38,23.2,23.98,20.5,20,19.94,19.65,19.51,18.25,17.88,17.9,17.5,16.1,16.25,16.5,16.87,16.99,18.55,18.25,18.25,19.1,18.5,18.25,18.5,18.8,18.25,18.99,19,18.7,19,20.65,22,20.7,20.55,19.19,19.3,18.59,17.65,16.85,17.6,18.38,17.4,15.95,,,,,,,,,,,,,,,,,,,,,,,,,,,,,,,,,,,,,,,,,,,,,,,,,,,,,,,,
200608,Senior Housing Properties Trus,23.95,23.7,21.27,22.39,22.68,22.09,22.42,22.06,20.34,17.28,20.35,23.5,22.83,23.9,23.94,26.02,24.48,21.88,22.93,21.34,20.35,18.59,17.91,17.21,17.17,18.1,17.93,17.93,16.91,18.81,17.71,19,19,19.72,18.91,17.99,17.3,16.68,17.92,16.55,18.94,19.68,18.76,17.82,17.5,16.7,16.79,16.28,14.95,19.5,18.55,18.08,17.23,16.19,14.89,14.41,13.89,13.85,13.56,13.33,12.48,11.55,11.54,11.19,10.61,11.2,10.24,11.22,12.29,12.49,15.7,14.19,14.39,14.4,13.6,14.15,13.91,12.87,12.7,13.45,13.79,12.8,13,12.74,12,11.27,10.33,11.25,9.31,9.19,9.31,9.31,9.13,8.44,7.33,9.31,8.56,10.25,8.63,10.19,12.38,12.38,12.25,,,,,,,,,,,,,,,,,
200607,Tata Communications Limited (A,24.65,24.82,24.8,26.57,37.66,33.11,27.5,21.92,20.19,23,23.27,22.43,20.95,18.52,16.82,21.02,19.2,19.06,20.49,17.2,17.87,15.63,17.55,16.74,18.8,21.46,16.16,17.89,16.85,15.61,13.18,16.51,17.19,19.6,11.1,9.63,9.35,8.42,9.84,10.05,10.28,9.91,7.59,7.51,7.39,7.87,7.32,6.15,7.25,9.24,8.83,7.44,6.6,6,5.35,5.25,5.38,4.74,5.3,4,3.25,3.19,3.71,3.6,4.1,4.2,3.77,4.61,5.31,4.97,6.1,7.31,7.7,7.85,6.79,7,9.6,9.11,9.7,9.48,11.39,12,13.4,14.78,13.5,11.85,12.95,14.75,12.5,11.92,9.83,10.67,14.5,,,,,,,,,,,,,,,,,,,,,,,,,,,
200606,Tata Motors Limited (ADR),16.54,15.62,17.52,18.5,18.86,18.67,19.7,19.14,16.95,17.15,16.42,18.64,18.28,16.21,18.51,20.3,20.43,18.06,18.18,18.58,18.45,15.78,17.25,16.8,20.73,20.84,18.33,16.06,14.37,11.94,10.64,12.33,10.34,11.35,9.68,9.85,9.48,9.7,10.88,11.63,11.92,11.13,9.25,8.97,,,,,,,,,,,,,,,,,,,,,,,,,,,,,,,,,,,,,,,,,,,,,,,,,,,,,,,,,,,,,,,,,,,,,,,,,,,,
200605,TCF Financial Corporation,17.4,17.92,18.61,21.25,17.93,19.41,22.77,26.18,25.27,24.59,27.8,28.23,27.08,26.36,26.46,25.38,27.42,26.12,26.03,26.29,26.07,26.91,26.45,26.7,26.86,25.75,25.36,24.99,27.14,27.46,27.1,26.75,28.31,27.47,25.88,25.88,25.29,27.15,27.65,28.11,32.14,30.91,31.52,30.29,31.81,30.2,29.03,27.89,24.78,25.54,25.99,25.03,25.68,26.37,26.09,23.98,23,22.83,19.92,19.85,19.8,20.02,20.97,21.8,21.85,21.33,21.22,21.17,24.3,23.73,24.55,25.63,26.03,26.31,25.7,24.64,23.99,22.98,21,23.03,22.7,24.4,23.16,20.95,19.02,18.9,18.45,19.78,22.28,20.34,20.22,18.81,16.41,14.72,12.85,13.09,11.69,11.91,9.91,11.47,12.44,14.16,14.75,14.28,14.13,13.81,13.94,13.88,14.5,13.03,12.03,11.16,12.09,12.09,11.78,9.94,11.03,14.44,14.75,16.28
200604,"TeleCommunication Systems, Inc",3.64,3.15,3.1,3.57,3.56,3.4,4.23,3.99,4.09,4.31,5.08,5.21,4.03,3.72,3.65,3.81,3.1,3.48,3.25,2.69,2.26,2.25,2.39,2.33,2.95,2.56,2.1,2.04,2.2,2.25,2.6,2.65,2.57,2.94,2.26,2.57,2.48,2.67,2.55,2.58,3.34,3.04,3.13,3.21,4.62,5.4,5.68,5.07,5.6,7.2,7.13,7.51,4.94,5.3,5.66,4.29,2.88,3,2.07,1.8,1.88,2,1.7,1.49,2.01,2.26,1.78,1.08,1.5,1.7,2,1.88,2.85,3.12,2.75,4.25,5.45,3.62,2.94,1,1.1,2.08,3,3.75,5.02,5.28,6.16,8.22,3.38,8.31,15.75,19.13,28.69,,,,,,,,,,,,,,,,,,,,,,,,,,,
200603,,,,,,,,,,,,,,,,,,,,,,,,,,,,,,,,,,,,,,,,,,,,,,,,,,,,,,,,,,,,,,,,,,,,,,,,,,,,,,,,,,,,,,,,,,,,,,,,,,,,,,,,,,,,,,,,,,,,,,,,,
200602,,,,,,,,,,,,,,,,,,,,,,,,,,,,,,,,,,,,,,,,,,,,,,,,,,,,,,,,,,,,,,,,,,,,,,,,,,,,,,,,,,,,,,,,,,,,,,,,,,,,,,,,,,,,,,,,,,,,,,,,,
200601,,,,,,,,,,,,,,,,,,,,,,,,,,,,,,,,,,,,,,,,,,,,,,,,,,,,,,,,,,,,,,,,,,,,,,,,,,,,,,,,,,,,,,,,,,,,,,,,,,,,,,,,,,,,,,,,,,,,,,,,,
200512,,,,,,,,,,,,,,,,,,,,,,,,,,,,,,,,,,,,,,,,,,,,,,,,,,,,,,,,,,,,,,,,,,,,,,,,,,,,,,,,,,,,,,,,,,,,,,,,,,,,,,,,,,,,,,,,,,,,,,,,,
200511,,,,,,,,,,,,,,,,,,,,,,,,,,,,,,,,,,,,,,,,,,,,,,,,,,,,,,,,,,,,,,,,,,,,,,,,,,,,,,,,,,,,,,,,,,,,,,,,,,,,,,,,,,,,,,,,,,,,,,,,,
200510,,,,,,,,,,,,,,,,,,,,,,,,,,,,,,,,,,,,,,,,,,,,,,,,,,,,,,,,,,,,,,,,,,,,,,,,,,,,,,,,,,,,,,,,,,,,,,,,,,,,,,,,,,,,,,,,,,,,,,,,,
200509,,,,,,,,,,,,,,,,,,,,,,,,,,,,,,,,,,,,,,,,,,,,,,,,,,,,,,,,,,,,,,,,,,,,,,,,,,,,,,,,,,,,,,,,,,,,,,,,,,,,,,,,,,,,,,,,,,,,,,,,,
200508,,,,,,,,,,,,,,,,,,,,,,,,,,,,,,,,,,,,,,,,,,,,,,,,,,,,,,,,,,,,,,,,,,,,,,,,,,,,,,,,,,,,,,,,,,,,,,,,,,,,,,,,,,,,,,,,,,,,,,,,,
200507,,,,,,,,,,,,,,,,,,,,,,,,,,,,,,,,,,,,,,,,,,,,,,,,,,,,,,,,,,,,,,,,,,,,,,,,,,,,,,,,,,,,,,,,,,,,,,,,,,,,,,,,,,,,,,,,,,,,,,,,,
200506,,,,,,,,,,,,,,,,,,,,,,,,,,,,,,,,,,,,,,,,,,,,,,,,,,,,,,,,,,,,,,,,,,,,,,,,,,,,,,,,,,,,,,,,,,,,,,,,,,,,,,,,,,,,,,,,,,,,,,,,,
200505,,,,,,,,,,,,,,,,,,,,,,,,,,,,,,,,,,,,,,,,,,,,,,,,,,,,,,,,,,,,,,,,,,,,,,,,,,,,,,,,,,,,,,,,,,,,,,,,,,,,,,,,,,,,,,,,,,,,,,,,,
200504,,,,,,,,,,,,,,,,,,,,,,,,,,,,,,,,,,,,,,,,,,,,,,,,,,,,,,,,,,,,,,,,,,,,,,,,,,,,,,,,,,,,,,,,,,,,,,,,,,,,,,,,,,,,,,,,,,,,,,,,,
200503,,,,,,,,,,,,,,,,,,,,,,,,,,,,,,,,,,,,,,,,,,,,,,,,,,,,,,,,,,,,,,,,,,,,,,,,,,,,,,,,,,,,,,,,,,,,,,,,,,,,,,,,,,,,,,,,,,,,,,,,,
200502,,,,,,,,,,,,,,,,,,,,,,,,,,,,,,,,,,,,,,,,,,,,,,,,,,,,,,,,,,,,,,,,,,,,,,,,,,,,,,,,,,,,,,,,,,,,,,,,,,,,,,,,,,,,,,,,,,,,,,,,,
200501,,,,,,,,,,,,,,,,,,,,,,,,,,,,,,,,,,,,,,,,,,,,,,,,,,,,,,,,,,,,,,,,,,,,,,,,,,,,,,,,,,,,,,,,,,,,,,,,,,,,,,,,,,,,,,,,,,,,,,,,,
200412,,,,,,,,,,,,,,,,,,,,,,,,,,,,,,,,,,,,,,,,,,,,,,,,,,,,,,,,,,,,,,,,,,,,,,,,,,,,,,,,,,,,,,,,,,,,,,,,,,,,,,,,,,,,,,,,,,,,,,,,,
200411,,,,,,,,,,,,,,,,,,,,,,,,,,,,,,,,,,,,,,,,,,,,,,,,,,,,,,,,,,,,,,,,,,,,,,,,,,,,,,,,,,,,,,,,,,,,,,,,,,,,,,,,,,,,,,,,,,,,,,,,,
200410,,,,,,,,,,,,,,,,,,,,,,,,,,,,,,,,,,,,,,,,,,,,,,,,,,,,,,,,,,,,,,,,,,,,,,,,,,,,,,,,,,,,,,,,,,,,,,,,,,,,,,,,,,,,,,,,,,,,,,,,,
200409,,,,,,,,,,,,,,,,,,,,,,,,,,,,,,,,,,,,,,,,,,,,,,,,,,,,,,,,,,,,,,,,,,,,,,,,,,,,,,,,,,,,,,,,,,,,,,,,,,,,,,,,,,,,,,,,,,,,,,,,,
200408,,,,,,,,,,,,,,,,,,,,,,,,,,,,,,,,,,,,,,,,,,,,,,,,,,,,,,,,,,,,,,,,,,,,,,,,,,,,,,,,,,,,,,,,,,,,,,,,,,,,,,,,,,,,,,,,,,,,,,,,,
200407,,,,,,,,,,,,,,,,,,,,,,,,,,,,,,,,,,,,,,,,,,,,,,,,,,,,,,,,,,,,,,,,,,,,,,,,,,,,,,,,,,,,,,,,,,,,,,,,,,,,,,,,,,,,,,,,,,,,,,,,,
200406,,,,,,,,,,,,,,,,,,,,,,,,,,,,,,,,,,,,,,,,,,,,,,,,,,,,,,,,,,,,,,,,,,,,,,,,,,,,,,,,,,,,,,,,,,,,,,,,,,,,,,,,,,,,,,,,,,,,,,,,,
200405,,,,,,,,,,,,,,,,,,,,,,,,,,,,,,,,,,,,,,,,,,,,,,,,,,,,,,,,,,,,,,,,,,,,,,,,,,,,,,,,,,,,,,,,,,,,,,,,,,,,,,,,,,,,,,,,,,,,,,,,,
200404,,,,,,,,,,,,,,,,,,,,,,,,,,,,,,,,,,,,,,,,,,,,,,,,,,,,,,,,,,,,,,,,,,,,,,,,,,,,,,,,,,,,,,,,,,,,,,,,,,,,,,,,,,,,,,,,,,,,,,,,,
200403,,,,,,,,,,,,,,,,,,,,,,,,,,,,,,,,,,,,,,,,,,,,,,,,,,,,,,,,,,,,,,,,,,,,,,,,,,,,,,,,,,,,,,,,,,,,,,,,,,,,,,,,,,,,,,,,,,,,,,,,,
200402,,,,,,,,,,,,,,,,,,,,,,,,,,,,,,,,,,,,,,,,,,,,,,,,,,,,,,,,,,,,,,,,,,,,,,,,,,,,,,,,,,,,,,,,,,,,,,,,,,,,,,,,,,,,,,,,,,,,,,,,,
200401,,,,,,,,,,,,,,,,,,,,,,,,,,,,,,,,,,,,,,,,,,,,,,,,,,,,,,,,,,,,,,,,,,,,,,,,,,,,,,,,,,,,,,,,,,,,,,,,,,,,,,,,,,,,,,,,,,,,,,,,,
200312,,,,,,,,,,,,,,,,,,,,,,,,,,,,,,,,,,,,,,,,,,,,,,,,,,,,,,,,,,,,,,,,,,,,,,,,,,,,,,,,,,,,,,,,,,,,,,,,,,,,,,,,,,,,,,,,,,,,,,,,,
200311,,,,,,,,,,,,,,,,,,,,,,,,,,,,,,,,,,,,,,,,,,,,,,,,,,,,,,,,,,,,,,,,,,,,,,,,,,,,,,,,,,,,,,,,,,,,,,,,,,,,,,,,,,,,,,,,,,,,,,,,,
200310,,,,,,,,,,,,,,,,,,,,,,,,,,,,,,,,,,,,,,,,,,,,,,,,,,,,,,,,,,,,,,,,,,,,,,,,,,,,,,,,,,,,,,,,,,,,,,,,,,,,,,,,,,,,,,,,,,,,,,,,,
200309,,,,,,,,,,,,,,,,,,,,,,,,,,,,,,,,,,,,,,,,,,,,,,,,,,,,,,,,,,,,,,,,,,,,,,,,,,,,,,,,,,,,,,,,,,,,,,,,,,,,,,,,,,,,,,,,,,,,,,,,,
200308,,,,,,,,,,,,,,,,,,,,,,,,,,,,,,,,,,,,,,,,,,,,,,,,,,,,,,,,,,,,,,,,,,,,,,,,,,,,,,,,,,,,,,,,,,,,,,,,,,,,,,,,,,,,,,,,,,,,,,,,,
200307,,,,,,,,,,,,,,,,,,,,,,,,,,,,,,,,,,,,,,,,,,,,,,,,,,,,,,,,,,,,,,,,,,,,,,,,,,,,,,,,,,,,,,,,,,,,,,,,,,,,,,,,,,,,,,,,,,,,,,,,,
200306,,,,,,,,,,,,,,,,,,,,,,,,,,,,,,,,,,,,,,,,,,,,,,,,,,,,,,,,,,,,,,,,,,,,,,,,,,,,,,,,,,,,,,,,,,,,,,,,,,,,,,,,,,,,,,,,,,,,,,,,,
200305,,,,,,,,,,,,,,,,,,,,,,,,,,,,,,,,,,,,,,,,,,,,,,,,,,,,,,,,,,,,,,,,,,,,,,,,,,,,,,,,,,,,,,,,,,,,,,,,,,,,,,,,,,,,,,,,,,,,,,,,,
