Month,Month,3M Company,AB Volvo  (ADR),Alcoa Inc.,General Motors Corporation,Infosys Technologies Limited (,Intel Corporation,International Business Machine,Microsoft Corporation,"Nissan Motor Co., Ltd. (ADR)",Pearson PLC (ADR),"Pentair, Inc.",Piper Jaffray Companies,Potlatch Corporation,"Reliant Energy, Inc.","Restoration Hardware, Inc.",SAFECO Corporation,Safeway Inc.,Sea Containers Ltd.,Seagate Technology,Seneca Foods Corporation,Senior Housing Properties Trus,Tata Communications Limited (A,Tata Motors Limited (ADR),TCF Financial Corporation,"TeleCommunication Systems, Inc","""3Mreturns""",SP 500
200804,1,76.9,15.35,34.78,23.2,43.69,22.26,120.7,28.52,17.73,13.17,36.83,37.26,44.81,25.74,4.35,66.74,31.6,0.06,18.87,20.36,23.95,24.65,16.54,17.4,3.64,,1385.59
200803,2,79.15,15.1,36.06,19.05,35.77,21.18,115.14,28.38,16.68,13.58,31.9,33.96,41.27,23.65,4.35,43.88,29.35,0.07,20.94,21.2,23.7,24.82,15.62,17.92,3.15,0.028427037,1322.7
200802,3,78.4,14.9,37.14,23.28,38.92,19.97,113.86,27.2,18,13.24,32.62,38.73,41.27,22.8,4.33,46.26,28.74,0.08,21.57,21.3,21.27,24.8,17.52,18.61,3.1,-0.009566327,1330.63
200801,4,79.65,13.55,33.09,28.21,41.4,21.1,107.11,32.6,19.16,13.85,31.76,47.4,42.93,21.21,4.24,53.37,30.99,0.09,20.27,23.45,22.39,26.57,18.5,21.25,3.57,0.01569366,1378.55
200712,5,84.32,16.5,36.55,24.89,45.36,26.66,108.1,35.6,21.72,14.49,34.81,46.32,44.44,26.24,6.57,55.68,34.21,0.08,25.5,25.99,22.68,37.66,18.86,17.93,3.56,0.05538425,1468.36
200711,6,83.26,17.04,36.37,29.83,42.15,26.08,105.18,33.6,22.9,15.4,33.92,46.32,45.91,26.04,7.06,57.71,34.8,0.05,25.79,25.8,22.09,33.11,18.67,19.41,3.4,-0.012731203,1481.14
200710,7,86.36,19.65,39.59,39.19,50.94,26.9,116.12,36.81,23.03,16.83,35.39,51.4,47.66,27.52,2.96,57.9,34,0.15,27.84,26.96,22.42,27.5,19.7,22.77,4.23,0.035896248,1549.38
200709,8,93.58,17.35,39.12,36.7,48.39,25.86,117.8,29.46,20.01,15.46,33.18,53.6,45.03,25.6,3.29,61.22,33.11,0.25,25.58,27.75,22.06,21.92,19.14,26.18,3.99,0.077153238,1526.75
200708,9,90.99,17.3,36.53,30.74,47.71,25.75,116.69,28.73,19.1,14.93,37.13,51.36,45.04,25.51,3.52,58.02,31.73,0.3,25.82,27.52,20.34,20.19,16.95,25.27,4.09,-0.028464666,1473.99
200707,10,88.92,18.43,38.2,32.4,49.6,23.62,110.65,28.99,21.31,15.99,36.2,47.92,43.69,25.68,4.31,58.47,31.87,0.67,23.51,28,17.28,23,17.15,24.59,4.31,-0.023279352,1455.27
200706,11,86.79,19.89,40.53,37.8,50.38,23.74,105.25,29.47,21.44,16.84,38.57,55.73,43.05,26.95,5.58,62.26,34.03,1.16,21.77,27.39,20.35,23.27,16.42,27.8,5.08,-0.024541998,1503.35
200705,12,87.96,21.03,41.28,29.99,49.25,22.18,106.6,30.69,22.32,17.78,36.99,66.9,43.78,25.62,6.3,62.75,34.48,1.35,20.59,29.53,23.5,22.43,18.64,28.23,5.21,0.013301501,1530.62
200704,13,82.77,19.45,35.49,31.23,52.35,21.5,102.21,29.94,20.16,17.06,32.14,63.81,43.39,22.27,6.28,66.74,36.3,1.43,22.15,28.59,22.83,20.95,18.28,27.08,4.03,-0.062703878,1482.37
200703,14,76.43,16.81,33.9,30.64,50.25,19.13,94.26,27.87,21.4,17.12,31.16,61.94,45.78,20.32,6.56,66.43,36.64,0.67,23.3,28.17,23.9,18.52,16.21,26.36,3.72,-0.082951721,1420.86
200702,15,74.08,15.39,33.41,31.9,54.26,19.86,92.94,28.17,22.99,15.52,31.21,65.23,45.2,16.94,6.68,66.72,34.53,1.15,26.9,29.01,23.94,16.82,18.51,26.46,3.65,-0.031722462,1406.82
200701,16,74.3,14.71,32.3,32.84,58,20.96,99.15,30.86,24.99,15.77,31.16,68.94,47.21,14.88,7.01,64.01,36.03,1.06,27.09,24.9,26.02,21.02,20.3,25.38,3.81,0.002960969,1438.24
200612,17,77.93,13.75,30.01,30.72,54.56,20.25,97.15,29.86,24.27,15.1,31.4,65.15,43.82,14.21,8.51,62.55,34.56,0.7,26.5,24.7,24.48,19.2,20.43,27.42,3.1,0.046580264,1418.3
200611,18,81.46,12.99,31.17,29.23,53.53,21.4,91.92,29.36,24.29,14.78,31.86,65.07,41.69,13.42,8.51,60.57,30.81,0.54,25.76,27.39,21.88,19.06,18.06,26.12,3.48,0.043334152,1400.63
200610,19,78.84,12.47,28.91,34.92,52.1,21.34,92.33,28.71,23.94,14.75,32.94,69.15,40.6,12.68,9.53,58.19,29.36,0.74,22.58,27,22.93,20.49,18.18,26.03,3.25,-0.033231862,1377.94
200609,20,74.42,11.94,28.04,33.26,47.73,20.57,81.94,27.35,22.46,14.24,26.19,60.62,37.1,12.31,8.67,58.93,30.35,1.17,23.09,27.69,21.34,17.2,18.58,26.29,2.69,-0.059392636,1335.85
200608,21,71.7,11.4,28.59,29.18,44.85,19.57,80.97,25.7,22.77,14.23,29.9,58.58,38.31,13.46,7.03,57.71,30.93,2.28,22.25,23.96,20.35,17.87,18.45,26.07,2.26,-0.037935844,1303.82
200607,22,70.4,10.61,29.95,32.23,41.09,18,77.41,24.06,21.55,13.6,28.72,51.19,34.61,12.58,6.8,53.72,28.08,4.4,23.2,24.38,18.59,15.63,15.78,26.91,2.25,-0.018465909,1276.66
200606,23,80.77,9.8,32.36,29.79,38.21,19,76.82,23.3,21.98,13.65,34.19,61.21,37.75,11.98,7.18,56.35,26,4.75,22.64,23.2,17.91,17.55,17.25,26.45,2.39,0.128389253,1270.2
200605,24,83.66,9.84,31.72,26.93,35.3,18.02,79.9,22.65,24.25,13.6,34.16,63.29,37.67,11.65,6.48,55.37,23.58,8.06,23.35,23.98,17.21,16.74,16.8,26.7,2.33,0.034544585,1270.09
200604,25,85.43,10.08,33.78,22.88,39.33,19.98,82.34,24.15,26.33,13.85,38.28,69.9,38.94,11.35,6.85,51.9,25.13,7.02,26.56,20.5,17.17,18.8,20.73,26.86,2.95,0.020718717,1310.61
200603,26,75.69,9.32,30.56,21.27,38.93,19.46,82.47,27.21,23.78,13.85,40.75,55,42.84,10.58,5.69,50.21,25.12,7.21,26.33,20,18.1,21.46,20.84,25.75,2.56,-0.128682785,1294.87
200602,27,73.59,8.73,29.32,20.31,35.4,20.6,80.24,26.87,23.01,12.45,40.15,49.68,36.44,10.16,5.38,51.51,24.31,13.15,26.57,19.94,17.93,16.16,18.33,25.36,2.1,-0.028536486,1280.66
200601,28,72.75,9.75,31.5,24.06,38.11,21.26,81.3,28.15,22.35,13.02,38.4,44.83,51.23,10.12,5.23,52.25,23.44,13.72,26.08,19.65,17.93,17.89,16.06,24.99,2.04,-0.011546392,1280.08
200512,29,77.5,9.42,29.57,19.42,40.43,24.96,82.2,26.15,20.44,11.87,34.52,40.4,50.98,10.32,6.02,56.5,23.66,12.54,19.99,19.51,16.91,16.85,14.37,27.14,2.2,0.061290323,1248.29
200511,30,78.48,8.51,27.41,21.9,36.03,26.68,88.9,27.68,20.51,11.64,38.2,39.74,48.34,9.16,5.85,56.25,23.25,12.7,18.92,18.25,18.81,15.61,11.94,27.46,2.25,0.012487258,1249.48
200510,31,75.98,8.21,24.29,27.4,34,23.5,81.88,25.7,20.95,11.24,32.49,34.35,44.73,12.7,5.93,55.7,23.26,11.21,14.49,17.88,17.71,13.18,10.64,27.1,2.6,-0.032903396,1207.01
200509,32,73.36,8.74,24.42,30.61,37.14,24.65,80.22,25.73,22.98,11.73,36.5,29.86,52.12,15.44,6.32,53.37,25.6,11.72,15.85,17.9,19,16.51,12.33,26.75,2.65,-0.035714286,1228.81
200508,33,71.15,8.62,26.79,34.19,35.4,25.72,80.62,27.38,21.09,12.22,39.48,30.49,54,12.5,7.14,52.14,23.73,10.8,16.59,17.5,19,17.19,10.34,28.31,2.57,-0.031061138,1220.33
200507,34,75,8.34,28.05,36.82,35.59,27.14,83.46,25.61,20.81,12.06,40.17,34.41,57.8,13.26,8.12,54.94,24.3,15.45,19.37,16.1,19.72,19.6,11.35,27.47,2.94,0.051333333,1234.18
200506,35,72.3,8.1,26.13,34,38.8,26.02,74.2,24.84,19.88,11.88,42.81,30.43,52.33,12.38,8.16,54.34,22.59,15.97,17.55,16.25,18.91,11.1,9.68,25.88,2.26,-0.037344398,1191.33
200505,36,76.65,8.16,27.1,31.53,36.17,26.96,75.55,25.8,19.66,12.1,44.51,28.27,51.69,12.3,7.08,53.82,22.01,14,21.22,16.5,17.99,9.63,9.85,25.88,2.57,0.056751468,1191.5
200504,37,76.47,8.09,29.02,26.68,29.6,23.52,76.38,25.3,19.65,12.25,39.78,27.65,47.23,10.17,6.21,52.67,21.29,16.71,17.58,16.87,17.3,9.35,9.48,25.29,2.48,-0.002353864,1156.85
200503,38,85.69,8.88,30.39,29.39,36.87,23.23,91.38,24.17,20.47,12.26,39,36.59,47.07,11.38,5.7,48.71,18.53,18.26,19.55,16.99,16.68,8.42,9.7,27.15,2.67,0.107597153,1180.59
200502,39,83.94,9.18,32.12,35.65,38.13,23.99,92.58,25.16,21.43,12.37,41.44,39.55,46.15,11.99,5.31,47.69,18.4,20.85,17.97,18.55,17.92,9.84,10.88,27.65,2.55,-0.020848225,1203.6
200501,40,84.36,8.08,29.51,36.81,33.02,22.45,93.42,26.28,21.18,11.74,44.32,39.58,46.02,12.45,5.75,46.3,18.85,17.14,16.92,18.25,16.55,10.05,11.63,28.11,2.58,0.004978663,1181.27
200412,41,82.07,7.92,31.42,40.06,34.66,23.39,98.58,26.72,21.92,12.16,43.56,47.95,50.58,13.65,5.74,52.24,19.74,19.69,17.27,18.25,18.94,10.28,11.92,32.14,3.34,-0.02790301,1211.92
200411,42,79.59,8.13,33.98,38.59,36,22.38,94.24,26.81,21,11.81,40.02,46.01,50.72,11.88,5.09,48.47,19.28,17.61,14.98,19.1,19.68,9.91,11.13,30.91,3.04,-0.031159693,1173.82
200410,43,77.57,7.58,32.5,38.55,33.22,22.26,89.75,27.97,22.51,11.04,37.38,43.73,47.09,10.28,5.15,46.24,18.24,15.35,12.64,18.5,18.76,7.59,9.25,31.52,3.13,-0.026040995,1130.2
200409,44,79.97,7.05,33.59,42.48,28.3,20.06,85.74,27.65,21.66,10.83,34.91,39.59,46.81,9.33,5.18,45.65,19.31,15.23,13.52,18.25,17.82,7.51,8.97,30.29,3.21,0.030011254,1114.58
200408,45,82.36,6.86,32.38,41.31,26.07,21.29,84.69,27.3,21.8,11.27,33.24,43.1,42.9,9.96,6.19,48.17,20.2,15.8,10.93,18.5,17.5,7.39,,31.81,4.62,0.029018941,1104.24
200407,46,82.36,7.2,32.03,43.14,25.08,24.38,87.07,28.49,21.44,11.4,31.32,40.75,40.09,9.88,6.54,47.06,21.13,16.85,11.47,18.8,16.7,7.87,,30.2,5.4,0,1101.72
200406,47,90.01,7,33.03,46.59,23.3,27.6,88.15,28.56,22.36,12.48,33.64,45.23,41.64,10.83,7.31,44,25.34,17.53,14.43,18.25,16.79,7.32,,29.03,5.68,0.084990557,1140.84
200405,48,84.56,6.57,31.3,45.39,20.69,28.55,88.59,26.23,20.32,12.34,30.64,48.4,37.75,9.91,6.71,41.95,22.56,15.89,12.3,18.99,16.28,6.15,,27.89,5.07,-0.064451277,1120.68
200404,49,86.48,6.87,30.75,47.42,20.19,25.73,88.17,26.13,21.91,11.89,29.8,48.42,37.88,8.31,5.82,43.79,22.95,16.5,12.51,19,14.95,7.25,,24.78,5.6,0.022201665,1107.3
200403,50,81.87,6.61,34.69,47.1,20.43,27.2,91.84,24.93,22.01,11.5,29.5,54.15,40.75,8.21,4.99,43.12,20.58,20.6,16.13,18.7,19.5,9.24,,25.54,7.2,-0.056308782,1126.21
200402,51,78.02,6.34,37.47,48.12,21.01,29.2,96.5,26.53,22.09,11.83,27.01,51.52,42.4,7.6,4.63,45,22.87,19.5,17.3,19,18.55,8.83,,25.99,7.13,-0.049346321,1144.94
200401,52,79.09,6.55,34.18,49.68,22.09,30.52,99.23,27.65,21.31,11.38,22.84,46.95,37.3,7.76,3.9,43.49,22.59,19.17,16.3,20.65,18.08,7.44,,25.03,7.51,0.013528891,1131.13
200312,53,85.03,6.12,38,53.4,23.85,32.05,92.68,27.37,22.46,11.21,22.85,,34.77,7.36,4.71,38.93,21.91,18.25,18.9,22,17.23,6.6,,25.68,4.94,0.069857697,1111.92
200311,54,79.04,5.8,32.81,42.78,20.76,33.54,90.54,25.71,22.78,11.33,21.8,,32.25,6.56,6.13,37.43,20.75,17.15,19.75,20.7,16.19,6,,26.37,5.3,-0.075784413,1058.2
200310,55,78.87,5.56,31.57,42.67,21.13,32.95,89.48,26.14,22.61,10.5,20.5,,31.26,4.95,7.96,36.72,21.1,15.35,22.98,20.55,14.89,5.35,,26.09,5.66,-0.002155446,1050.71
200309,56,69.07,4.66,26.16,40.93,17.02,27.52,88.33,27.8,21.73,9.57,19.94,,29.72,5.12,5.84,35.35,22.94,14.61,27.2,19.19,14.41,5.25,,23.98,4.29,-0.141885044,995.97
200308,57,71.24,4.87,28.56,41.1,14.2,28.59,82.01,26.52,21.76,9.95,21.4,,29.49,4.62,6.14,36.06,24.41,14.35,23.01,19.3,13.89,5.38,,23,2.88,0.030460415,1008.01
200307,58,70.1,4.9,27.77,37.43,13.31,24.89,81.25,26.41,19.84,9.64,20.18,,26.75,4.96,5.57,37.23,21.35,12.89,21.8,18.59,13.85,4.74,,22.83,3,-0.016262482,990.31
200306,59,64.49,4.42,25.5,36,13.41,20.81,82.5,25.64,18.91,9.6,19.53,,25.75,6.13,4.4,35.29,20.46,11.39,17.65,17.65,13.56,5.3,,19.92,2.07,-0.086990231,974.5
200305,60,63.24,4.2,24.61,35.33,11.05,20.82,88.04,24.61,15.85,9.36,19.43,,24.87,6.7,5,36.06,18.84,10.57,15.15,16.85,13.33,4,,19.85,1.8,-0.019765971,963.59
,61,63.02,4.06,22.93,36.05,10.28,18.37,84.9,25.56,15.33,8.49,19.27,,23.85,5.62,4,38.47,16.62,9.45,12.09,17.6,12.48,3.25,,19.8,1.88,-0.003490955,916.92
,62,65.02,3.53,19.38,33.62,15.34,16.28,78.43,24.21,13.31,7.8,17.68,,19.43,3.56,2.51,34.97,18.93,6.9,10.32,18.38,11.55,3.19,,20.02,2,0.030759766,848.18
,63,62.69,3.54,20.5,33.77,15.45,17.26,77.95,23.7,15.13,7.72,18.18,,20.64,4.05,2.51,32.88,19.89,6.11,9.27,17.4,11.54,3.71,,20.97,1.7,-0.037167012,841.15
,64,62.28,3.38,19.77,36.33,16.24,15.7,78.2,23.73,15.3,9.02,18.37,,20.47,4.08,2.3,35.85,23.7,7.16,9.18,15.95,11.19,3.6,,21.8,1.49,-0.006583173,855.7
,65,61.65,3.31,22.78,36.86,17.39,15.57,77.5,25.85,15.38,9.35,17.28,,23.88,3.2,5.01,34.67,23.36,8.93,10.73,,10.61,4.1,,21.85,2.01,-0.010218978,879.82
,66,64.93,3.72,25.55,39.7,20.81,20.88,86.92,28.84,16.05,11.58,17.88,,26.95,2.35,8,36.19,23.78,9.7,,,11.2,4.2,,21.33,2.26,0.05051594,936.31
,67,63.47,3.03,22.06,33.25,17.89,17.3,78.94,26.74,15.3,10.7,16.52,,26.14,1.88,5.3,35.56,23.1,9.1,,,10.24,3.77,,21.22,1.78,-0.023002994,885.76
,68,54.99,2.87,19.3,38.9,13.55,13.89,58.31,21.87,14.68,8.26,18.59,,28.68,1.75,4.5,31.78,22.3,10.7,,,11.22,4.61,,21.17,1.08,-0.154209856,815.28
,69,62.48,3.29,25.09,47.86,14.15,16.67,75.38,24.54,14.76,10.25,21.72,,31.02,5,4.98,33.11,25.82,11,,,12.29,5.31,,24.3,1.5,0.119878361,916.07
,70,62.92,3.71,27.05,46.55,12.88,18.79,70.4,23.99,14.12,9.85,20.34,,31.87,4.62,4.74,31.74,27.82,13.3,,,12.49,4.97,,23.73,1.7,0.006993007,911.62
,71,61.5,4.07,33.15,53.45,12.8,18.27,72,27.35,14.01,10.39,24.04,,34.02,8.75,8.85,30.89,29.19,14.4,,,15.7,6.1,,24.55,2,-0.023089431,989.82
,72,62.72,3.74,34.98,62.15,14.14,27.62,80.45,25.46,14.5,12.58,23.5,,34.25,9.45,8.05,31.99,40.65,16.15,,,14.19,7.31,,25.63,1.88,0.019451531,1067.14
,73,62.9,3.89,34.03,64.15,15.51,28.61,83.76,26.13,15.58,12.43,24.28,,34.52,15.43,11.9,33.4,41.95,16.8,,,14.39,7.7,,26.03,2.85,0.002861685,1076.92
,74,57.51,3.94,37.74,60.45,16.38,30.41,104,30.16,14.36,13.33,22.49,,33.69,16.91,12.5,32.04,45.02,17.71,,,14.4,7.85,,26.31,3.12,-0.093722831,1147.39
,75,58.97,3.46,37.57,52.98,13.75,28.55,98.12,29.17,12.83,11.34,19.5,,29.61,10.56,12.03,33.95,42.98,13.8,,,13.6,6.79,,25.7,2.75,0.024758352,1106.73
,76,55.5,3.11,35.85,51.14,15.71,35.04,107.89,31.86,10.89,11.65,17.65,,29.03,14.05,10.17,30.59,40.45,13,,,14.15,7,,24.64,4.25,-0.062522523,1130.2
,77,59.11,3.28,35.55,48.6,15.5,31.45,120.96,33.13,10.86,12.28,18.26,,29.32,16.51,8.94,31.15,41.75,13.68,,,13.91,9.6,,23.99,5.45,0.061072577,1148.08
,78,57.29,3.2,38.6,49.7,14.28,32.66,115.59,32.11,10,12.07,17.71,,27.86,16.27,6.55,32.16,44.56,10.6,,,12.87,9.11,,22.98,3.62,-0.031768197,1139.45
,79,52.19,2.78,32.27,41.32,11.8,24.42,108.07,29.08,9.05,12.1,15.88,,25.05,15.65,3.65,30.84,41.65,8.75,,,12.7,9.7,,21,2.94,-0.09771987,1059.78
,80,49.2,2.56,31.01,42.9,8.45,20.44,91.72,25.59,8.58,11.12,15.39,,26.99,16.2,2.86,30.33,39.72,9.05,,,13.45,9.48,,23.03,1,-0.060772358,1040.94
,81,52.05,3.13,38.12,54.75,13.13,27.96,99.95,28.53,11.6,14.7,18.75,,33,19.68,3.58,30.08,45.11,16.1,,,13.79,11.39,,22.7,1.1,0.054755043,1133.58
,82,55.94,3.15,39.23,63.6,16.51,29.81,105.21,33.1,13.8,15.4,17.87,,33.92,23.03,4.77,31.72,44.16,18.42,,,12.8,12,,24.4,2.08,0.069538792,1211.23
,83,57.05,3.04,39.4,64.35,16.25,29.25,113,36.5,13.85,17.03,16.9,,34.41,24.7,5.43,29.5,48,18.72,,,13,13.4,,23.16,3,0.019456617,1224.38
,84,59.29,3.19,43.15,56.9,17,27.01,111.8,34.59,13.5,18.8,17.95,,34.38,34.4,5.78,28.09,50.65,18,,,12.74,14.78,,20.95,3.75,0.037780401,1255.82
,85,59.51,3.35,41.4,54.81,18.38,30.91,115.14,33.88,13.95,21.25,15.39,,35.05,,5.3,26.7,54.3,15.2,,,12,13.5,,19.02,5.02,0.003696858,1249.46
,86,51.95,3.14,35.95,51.85,16.38,26.31,96.18,27.34,12.69,17.55,12.74,,31.95,,4.5,28.19,55.15,18.27,,,11.27,11.85,,18.9,5.28,-0.145524543,1160.33
,87,56.38,3.74,35.76,53.32,23,28.56,99.9,29.5,12.75,22.3,13.85,,32.1,,1.56,21.75,54.31,20.7,,,10.33,12.95,,18.45,6.16,0.078573962,1239.94
,88,55.33,3.7,36.74,53.7,30.22,37,112,30.53,12.19,24.45,13.87,,32.65,,1.94,25,50.67,22.45,,,11.25,14.75,,19.78,8.22,-0.018977047,1366.01
,89,60.25,3.3,33.5,50.94,23.06,30.06,85,21.69,11,23.56,12.09,,33.56,,0.94,32.88,62.5,21.75,,,9.31,12.5,,22.28,3.38,0.081659751,1320.28
,90,49.94,2.96,28.19,49.5,29.97,38.06,93.5,28.69,11.75,22.69,14.09,,31.31,,1.81,26.81,58.94,21.44,,,9.19,11.92,,20.34,8.31,-0.206447737,1314.95
,91,48.31,3.13,28.69,62.13,34.38,45,98.5,34.44,14,27.25,14.91,,33.5,,2.88,24.19,54.69,21.5,,,9.31,9.83,,20.22,15.75,-0.033740426,1429.4
,92,45.56,3.23,25.31,65,33,41.56,112.63,30.16,11.19,28.19,13.38,,31.63,,3.5,27.25,46.69,23.31,,,9.31,10.67,,18.81,19.13,-0.060359965,1436.51
,93,46.51,3.3,33.27,70,39,74.88,132.02,34.91,9.88,,16.25,,33.63,,5.75,26.31,49.33,28.5,,,9.13,14.5,,16.41,28.69,0.020425715,1517.68
,94,45.03,3.68,30.25,56.94,33.23,66.75,112.25,34.91,10.03,,15.31,,34.38,,4.39,23.06,45.06,26.25,,,8.44,,,14.72,,-0.032866978,1430.83
,95,41.5,4.38,29,58.06,44.31,66.84,109.56,40,11.5,,17.76,,33.14,,5.5,19.88,45.13,21.13,,,7.33,,,12.85,,-0.085060241,1454.6
,96,42.88,4.68,29.22,70.63,38.38,62.34,107.31,31.28,10.69,,19.63,,37.88,,6.31,24.56,46.13,21.94,,,9.31,,,13.09,,0.032182836,1420.6
,97,43.31,4.79,32.44,93.63,50.75,63.41,111.5,34.88,9,,19.13,,39.44,,3.88,22.13,44.13,22.75,,,8.56,,,11.69,,0.009928423,1452.43
,98,44.28,5.46,35.13,82.81,48.25,65.97,118.38,53.13,8.13,,18.53,,43,,5.25,26.56,45.25,22.13,,,10.25,,,11.91,,0.021906052,1498.58
,99,44.09,4.68,34.25,76.06,67.56,56.5,102.75,44.69,7.81,,17.19,,38,,5.75,21,38.56,24.5,,,8.63,,,9.91,,-0.004309367,1366.42
,100,46.81,4.85,34.84,80.56,40.61,49.47,112.25,48.94,9.38,,16.75,,40.25,,5.06,24.5,38.25,28.81,,,10.19,,,11.47,,0.058107242,1394.46
,101,48.94,5.05,41.5,72.69,41.25,41.16,107.88,58.38,8.06,,19.25,,44.63,,6.81,24.88,35.75,26.63,,,12.38,,,12.44,,0.043522681,1469.25
,102,47.78,4.8,32.75,73.79,25.75,38.34,103.06,45.52,9.44,,18.56,,40.44,,8.19,23.69,36.88,31.06,,,12.38,,,14.16,,-0.024277941,1388.91
,103,47.53,5.18,30.38,70.44,18.88,38.72,98.25,46.28,11.94,,18.81,,42.19,,9.81,27.5,35.31,29.25,,,12.25,,,14.75,,-0.005259836,1362.93
,104,48.03,5.74,31.03,62.94,17.88,37.16,121,45.28,11.81,,20.06,,41.19,,7.5,28,38.06,28,,,,,,14.28,,0.01041016,1282.71
,105,47.25,5.56,32.28,66.25,12.4,41.09,124.56,46.28,11.44,,22.75,,38.63,,7.88,35.63,46.69,30.38,,,,,,14.13,,-0.016507937,1320.41
,106,43.97,6.18,29.94,61.13,10.22,34.5,125.69,42.91,11.63,,21.72,,40.56,,10.81,38.06,53.88,31.94,,,,,,13.81,,-0.074596316,1328.72
,107,43.47,5.88,30.94,66,7.25,29.75,129.25,45.09,9.63,,22.88,,43.94,,13.38,44.13,49.5,33.56,,,,,,13.94,,-0.011502185,1372.71
,108,42.88,5.1,27.5,69,6.22,27.03,116,40.34,8.59,,22.06,,39.38,,11.94,43.94,46.5,33.75,,,,,,13.88,,-0.013759328,1301.84
,109,44.5,5.3,31.13,89.06,5.16,30.59,104.59,40.66,7.5,,23.5,,41.44,,15.63,39.75,53.94,31.94,,,,,,14.5,,0.036404494,1335.18
,110,35.38,5.16,20.59,87,5.39,29.72,88.63,44.81,7.5,,16.88,,33.94,,22,40.44,51.31,28.88,,,,,,13.03,,-0.257772753,1286.37
,111,37.03,5.1,20.25,82.56,,29.98,84.88,37.53,7.66,,18.94,,34.69,,20.63,40.19,57.75,21.88,,,,,,12.03,,0.044558466,1238.33
,112,38.81,5.4,20.89,89.75,,35.23,91.63,43.75,7.31,,19.13,,34.56,,20.56,38.88,56.13,26.38,,,,,,11.16,,0.045864468,1279.64
,113,35.56,4.66,18.64,71.56,,29.64,92.19,34.67,5.94,,19.91,,36.88,,26.88,42.94,60.94,29.94,,,,,,12.09,,-0.091394826,1229.23
,114,40.25,4.63,18.56,69.88,,26.91,82.56,30.5,5.88,,18.84,,37.81,,27.94,42.94,52.81,32.5,,,,,,12.09,,0.116521739,1163.63
,115,39.81,4.38,19.81,63.19,,22.3,74.25,26.47,5.44,,18.81,,36.5,,20.13,43.31,47.94,28.38,,,,,,11.78,,-0.011052499,1098.67
,116,36.84,4.83,17.75,54.88,,21.44,64.25,27.52,5.38,,16.13,,34.06,,20.63,41.69,46.13,24.06,,,,,,9.94,,-0.080618893,1017.01
,117,34.25,5.38,14.97,58.13,,17.8,56.31,23.98,4.94,,13.94,,32.88,,25.75,40.63,39,30.06,,,,,,11.03,,-0.075620438,957.28
,118,37.56,6.14,17.33,72.31,,21.11,66.25,27.48,6.44,,19.88,,38.19,,31.63,45.06,44.75,37.25,,,,,,14.44,,0.088125666,1120.67
,119,41.09,5.91,16.48,66.81,,18.53,57.41,27.09,6.38,,21.25,,42,,25.13,45.38,40.69,38.25,,,,,,14.75,,0.08590898,1133.84
,120,46.31,6.4,17.34,71.88,,17.86,58.75,21.2,6.25,,21.94,,43.81,,,46.5,36.44,40.44,,,,,,16.28,,0.112718635,1090.82
,,,,,,,,,,,2,,,,,,,,,,,,,,,,,
,,,,,,,,,,,3,,,,,,,,,,,,,,,,,
,,,,,,,,,,,4,,,,,,,,,,,,,,,,,
,,,,,,,,,,,5,,,,,,,,,,,,,,,,,
,,,,,,,,,,,6,,,,,,,,,,,,,,,,,
,,,,,,,,,,,7,,,,,,,,,,,,,,,,,
,,,,,,,,,,,8,,,,,,,,,,,,,,,,,
,,,,,,,,,,,9,,,,,,,,,,,,,,,,,
,,,,,,,,,,,10,,,,,,,,,,,,,,,,,
,,,,,,,,,,,11,,,,,,,,,,,,,,,,,
,,,,,,,,,,,12,,,,,,,,,,,,,,,,,
,,,,,,,,,,,13,,,,,,,,,,,,,,,,,
,,,,,,,,,,,14,,,,,,,,,,,,,,,,,
,,,,,,,,,,,15,,,,,,,,,,,,,,,,,
,,,,,,,,,,,16,,,,,,,,,,,,,,,,,
,,,,,,,,,,,17,,,,,,,,,,,,,,,,,
,,,,,,,,,,,18,,,,,,,,,,,,,,,,,
,,,,,,,,,,,19,,,,,,,,,,,,,,,,,
,,,,,,,,,,,20,,,,,,,,,,,,,,,,,
,,,,,,,,,,,21,,,,,,,,,,,,,,,,,
,,,,,,,,,,,22,,,,,,,,,,,,,,,,,
,,,,,,,,,,,23,,,,,,,,,,,,,,,,,
,,,,,,,,,,,24,,,,,,,,,,,,,,,,,
,,,,,,,,,,,25,,,,,,,,,,,,,,,,,
,,,,,,,,,,,26,,,,,,,,,,,,,,,,,
,,,,,,,,,,,27,,,,,,,,,,,,,,,,,
,,,,,,,,,,,28,,,,,,,,,,,,,,,,,
,,,,,,,,,,,29,,,,,,,,,,,,,,,,,
,,,,,,,,,,,30,,,,,,,,,,,,,,,,,
,,,,,,,,,,,31,,,,,,,,,,,,,,,,,
,,,,,,,,,,,32,,,,,,,,,,,,,,,,,
,,,,,,,,,,,33,,,,,,,,,,,,,,,,,
,,,,,,,,,,,34,,,,,,,,,,,,,,,,,
,,,,,,,,,,,35,,,,,,,,,,,,,,,,,
,,,,,,,,,,,36,,,,,,,,,,,,,,,,,
,,,,,,,,,,,37,,,,,,,,,,,,,,,,,
,,,,,,,,,,,38,,,,,,,,,,,,,,,,,
,,,,,,,,,,,39,,,,,,,,,,,,,,,,,
,,,,,,,,,,,40,,,,,,,,,,,,,,,,,
,,,,,,,,,,,41,,,,,,,,,,,,,,,,,
,,,,,,,,,,,42,,,,,,,,,,,,,,,,,
,,,,,,,,,,,43,,,,,,,,,,,,,,,,,
,,,,,,,,,,,44,,,,,,,,,,,,,,,,,
,,,,,,,,,,,45,,,,,,,,,,,,,,,,,
,,,,,,,,,,,46,,,,,,,,,,,,,,,,,
,,,,,,,,,,,47,,,,,,,,,,,,,,,,,
,,,,,,,,,,,48,,,,,,,,,,,,,,,,,
,,,,,,,,,,,49,,,,,,,,,,,,,,,,,
,,,,,,,,,,,50,,,,,,,,,,,,,,,,,
,,,,,,,,,,,51,,,,,,,,,,,,,,,,,
,,,,,,,,,,,52,,,,,,,,,,,,,,,,,
,,,,,,,,,,,53,,,,,,,,,,,,,,,,,
,,,,,,,,,,,54,,,,,,,,,,,,,,,,,
,,,,,,,,,,,55,,,,,,,,,,,,,,,,,
,,,,,,,,,,,56,,,,,,,,,,,,,,,,,
,,,,,,,,,,,57,,,,,,,,,,,,,,,,,
,,,,,,,,,,,58,,,,,,,,,,,,,,,,,
,,,,,,,,,,,59,,,,,,,,,,,,,,,,,
,,,,,,,,,,,60,,,,,,,,,,,,,,,,,
,,,,,,,,,,,61,,,,,,,,,,,,,,,,,
,,,,,,,,,,,62,,,,,,,,,,,,,,,,,
,,,,,,,,,,,63,,,,,,,,,,,,,,,,,
,,,,,,,,,,,64,,,,,,,,,,,,,,,,,
,,,,,,,,,,,65,,,,,,,,,,,,,,,,,
,,,,,,,,,,,66,,,,,,,,,,,,,,,,,
,,,,,,,,,,,67,,,,,,,,,,,,,,,,,
,,,,,,,,,,,68,,,,,,,,,,,,,,,,,
,,,,,,,,,,,69,,,,,,,,,,,,,,,,,
,,,,,,,,,,,70,,,,,,,,,,,,,,,,,
,,,,,,,,,,,71,,,,,,,,,,,,,,,,,
,,,,,,,,,,,72,,,,,,,,,,,,,,,,,
,,,,,,,,,,,73,,,,,,,,,,,,,,,,,
,,,,,,,,,,,74,,,,,,,,,,,,,,,,,
,,,,,,,,,,,75,,,,,,,,,,,,,,,,,
,,,,,,,,,,,76,,,,,,,,,,,,,,,,,
,,,,,,,,,,,77,,,,,,,,,,,,,,,,,
,,,,,,,,,,,78,,,,,,,,,,,,,,,,,
,,,,,,,,,,,79,,,,,,,,,,,,,,,,,
,,,,,,,,,,,80,,,,,,,,,,,,,,,,,
,,,,,,,,,,,81,,,,,,,,,,,,,,,,,
,,,,,,,,,,,82,,,,,,,,,,,,,,,,,
,,,,,,,,,,,83,,,,,,,,,,,,,,,,,
,,,,,,,,,,,84,,,,,,,,,,,,,,,,,
,,,,,,,,,,,85,,,,,,,,,,,,,,,,,
,,,,,,,,,,,86,,,,,,,,,,,,,,,,,
,,,,,,,,,,,87,,,,,,,,,,,,,,,,,
,,,,,,,,,,,88,,,,,,,,,,,,,,,,,
,,,,,,,,,,,89,,,,,,,,,,,,,,,,,
,,,,,,,,,,,90,,,,,,,,,,,,,,,,,
,,,,,,,,,,,91,,,,,,,,,,,,,,,,,
,,,,,,,,,,,92,,,,,,,,,,,,,,,,,
,,,,,,,,,,,93,,,,,,,,,,,,,,,,,
,,,,,,,,,,,94,,,,,,,,,,,,,,,,,
,,,,,,,,,,,95,,,,,,,,,,,,,,,,,
,,,,,,,,,,,96,,,,,,,,,,,,,,,,,
,,,,,,,,,,,97,,,,,,,,,,,,,,,,,
,,,,,,,,,,,98,,,,,,,,,,,,,,,,,
,,,,,,,,,,,99,,,,,,,,,,,,,,,,,
,,,,,,,,,,,100,,,,,,,,,,,,,,,,,
,,,,,,,,,,,101,,,,,,,,,,,,,,,,,
,,,,,,,,,,,102,,,,,,,,,,,,,,,,,
,,,,,,,,,,,103,,,,,,,,,,,,,,,,,
,,,,,,,,,,,104,,,,,,,,,,,,,,,,,
,,,,,,,,,,,105,,,,,,,,,,,,,,,,,
,,,,,,,,,,,106,,,,,,,,,,,,,,,,,
,,,,,,,,,,,107,,,,,,,,,,,,,,,,,
,,,,,,,,,,,108,,,,,,,,,,,,,,,,,
,,,,,,,,,,,109,,,,,,,,,,,,,,,,,
,,,,,,,,,,,110,,,,,,,,,,,,,,,,,
,,,,,,,,,,,111,,,,,,,,,,,,,,,,,
,,,,,,,,,,,112,,,,,,,,,,,,,,,,,
,,,,,,,,,,,113,,,,,,,,,,,,,,,,,
,,,,,,,,,,,114,,,,,,,,,,,,,,,,,
,,,,,,,,,,,115,,,,,,,,,,,,,,,,,
,,,,,,,,,,,116,,,,,,,,,,,,,,,,,
,,,,,,,,,,,117,,,,,,,,,,,,,,,,,
,,,,,,,,,,,118,,,,,,,,,,,,,,,,,
,,,,,,,,,,,119,,,,,,,,,,,,,,,,,
,,,,,,,,,,,120,,,,,,,,,,,,,,,,,
